{"getMovies":[{"id":"645a1fbf7de95a5a9839ad5c","name":"Tenet","producer":"Christopher Nolan","rating":5,"reviews":[{"id":"645a1fce7de95a5a9839ad5e","title":"Tenet","description":"Sucks man!","body":"I do not have a brain, So I did not understand JACK SHEEEEEE"},{"id":"645b7d78828ef8d3dd1817df","title":"magenta","description":"Hic alias tempore quidem. Unde officia dicta minima quasi. Laborum temporibus autem. Dolore delectus nulla tempora possimus rem. Odit harum placeat. Quod rerum beatae repellat tempora laborum minima reprehenderit.","body":"Voluptatem voluptatum modi. Dignissimos optio porro maxime officia earum. Est possimus nihil tenetur libero itaque officia quae.\nDistinctio asperiores aliquid animi voluptas earum fugiat. Quo cum placeat minus quidem. Et libero porro delectus expedita labore odio distinctio excepturi temporibus.\nDolorum architecto exercitationem labore numquam inventore dignissimos. Excepturi iusto quo necessitatibus recusandae deleniti consectetur. Distinctio doloremque velit asperiores explicabo. Consectetur placeat est ipsa quidem omnis id ad repellat.\nIusto quia corporis minus aliquid sed explicabo eos illum. Ea odio sit. Odio illo velit nemo.\nDeserunt quo mollitia qui omnis aspernatur optio cumque. Itaque itaque maxime voluptate omnis illo. Accusamus quo iusto ratione alias id excepturi omnis nesciunt."},{"id":"645b7da0cb91efdb63ec1e81","title":"indigo","description":"Corporis porro asperiores blanditiis expedita. Corrupti quisquam asperiores eius dolore optio. Autem maxime saepe ea corporis blanditiis.","body":"Dolorum distinctio placeat quam nostrum similique. Iure aperiam ad totam culpa. Inventore eveniet ipsam totam velit optio distinctio tenetur. Illum voluptate recusandae in itaque nesciunt. Id dolor et illum amet cum autem. Iste rem sunt debitis.\nVeniam suscipit cum laborum blanditiis error natus similique libero facilis. Commodi dolor nobis eligendi soluta consequatur beatae cumque placeat quisquam. Nobis temporibus consequuntur laudantium at animi laborum. Architecto ea iste. Eaque modi ipsam alias. Eligendi ducimus repellendus natus.\nQuaerat iste eaque esse accusantium nulla sapiente nemo. Necessitatibus doloremque aut perspiciatis. A minus maxime adipisci quidem perspiciatis impedit perspiciatis aliquam. Adipisci aperiam alias magni dolore cumque magnam dolores neque cumque.\nArchitecto quod saepe occaecati. Rem necessitatibus optio quia tempore. Laudantium neque corrupti magnam animi neque architecto. Beatae sint unde amet non. Aliquam quasi facere rem cumque aperiam impedit nostrum. Voluptas est dicta ut itaque consectetur deleniti explicabo.\nVel nesciunt saepe asperiores nemo amet quae. Voluptas inventore vero quaerat vel fuga doloremque earum adipisci necessitatibus. Pariatur rerum eius optio quae. Unde voluptates sint dolorum quas amet deserunt tenetur nulla sapiente. Minima consequuntur adipisci a repudiandae doloremque facilis quo."},{"id":"645b7eb091609c668797fadc","title":"green","description":"Totam dolorem doloribus hic inventore. Fuga rerum praesentium necessitatibus sapiente occaecati earum recusandae neque. Quaerat ullam dolor.","body":"Cupiditate labore voluptatibus voluptatem. Eius asperiores non. Qui commodi temporibus dolorem ex occaecati numquam.\nHarum quisquam a quidem qui itaque animi ipsum. Perferendis necessitatibus non ut vel libero ab quibusdam quaerat amet. In quae cum itaque. Laboriosam dignissimos doloribus mollitia. Labore placeat exercitationem quibusdam laudantium deleniti. Illo nobis necessitatibus quaerat provident.\nIpsam quaerat consectetur explicabo sequi aliquid nesciunt. Laboriosam impedit sapiente ducimus modi labore voluptas reiciendis. Totam maiores tempora delectus a. Quasi soluta deleniti illum nulla. Impedit nesciunt voluptatum.\nRecusandae magni molestiae provident ut excepturi magni. Adipisci magni libero maxime unde earum iure iusto commodi. At aperiam harum aliquam quod. Voluptate animi vero.\nQui iure iste veritatis adipisci vitae qui cupiditate occaecati ducimus. Voluptates unde quae. Similique debitis voluptatem quis pariatur nemo dignissimos mollitia. Totam deleniti ullam excepturi non iure iusto."},{"id":"645b80dee44ade319fdd7f09","title":"teal","description":"Necessitatibus totam deleniti aut saepe fuga quisquam. Necessitatibus quidem facilis accusamus iusto ad. Cum voluptates officiis est explicabo consectetur. Molestiae odio assumenda enim assumenda nihil fuga beatae explicabo inventore. Modi excepturi quaerat a accusamus ipsam harum modi omnis. Minus officia temporibus officia saepe officiis porro deleniti delectus autem.","body":"Distinctio nesciunt ut eaque esse veritatis explicabo blanditiis nihil. Ipsa rerum officia blanditiis voluptatibus. At aliquam vitae sint. Vero error amet dolorum fugit dolores. Iste quam dicta repellendus laborum modi sequi placeat.\nVoluptatibus aliquid odio consectetur animi iste laborum. Maxime eos officia a quaerat numquam quaerat asperiores. Nostrum porro ullam voluptatem sunt porro dolorum excepturi officiis.\nItaque tempore optio modi repudiandae repellendus commodi laborum perspiciatis. Enim ipsa voluptates rem. Id voluptates eligendi magnam vel qui quos explicabo tempora enim.\nNon expedita repellendus accusantium voluptates nostrum a. Vel impedit officiis eligendi quo aut corporis iure debitis. Consequatur est ad facere unde. A aspernatur magnam nemo iure saepe sequi fuga natus ad.\nAperiam praesentium minima. Deleniti eum sint facere consequuntur rem accusantium. Maxime similique itaque officiis sequi. Eveniet voluptates quisquam magnam doloribus perspiciatis commodi nulla excepturi. Pariatur at dolor autem nulla dignissimos nemo neque praesentium."}]},{"id":"645a3be15b698e92cb3ba1a6","name":"23","producer":"54","rating":1,"reviews":[{"id":"645b7d78828ef8d3dd1817e3","title":"lavender","description":"Possimus cum optio officiis occaecati natus. Incidunt sit accusantium in corporis distinctio blanditiis. Modi voluptatibus qui facere iusto doloribus maiores repellendus cumque. Commodi maxime recusandae non quae itaque delectus. Nostrum quas assumenda inventore error quas. Aliquam corrupti perferendis laboriosam soluta est.","body":"Repellat cum amet nemo mollitia a sint harum saepe autem. Necessitatibus consequatur at incidunt. Ullam harum voluptate non explicabo minima necessitatibus. Placeat ullam occaecati est tempore deserunt. Blanditiis minus suscipit illum quam suscipit cumque.\nQuae saepe eveniet. Veniam praesentium totam deleniti quaerat sed consequuntur nihil. Perferendis voluptas tenetur quod officia in. Reiciendis quo facilis eos nesciunt dolorem suscipit voluptate inventore. Perspiciatis tenetur ipsa iusto sequi fugiat tempore explicabo.\nPlaceat nisi id dolore exercitationem iure dignissimos sint accusamus sint. Omnis aliquam consectetur dolorem. Iste dicta labore assumenda. Quam quae eius voluptates quaerat quaerat porro adipisci.\nEnim dolor molestiae nam asperiores quos placeat commodi molestias nam. Esse necessitatibus consequuntur consequuntur. Placeat ex blanditiis deserunt inventore.\nDelectus magnam adipisci molestias unde doloremque iusto maxime fuga. Molestiae dolorum laborum pariatur nulla. Nihil nemo rerum soluta totam. Repellat voluptatibus odit nisi facilis nesciunt praesentium vel iure recusandae."},{"id":"645b7da0cb91efdb63ec1e85","title":"mint green","description":"Voluptas quam non vel dolores iusto commodi quis fugit in. Reiciendis quibusdam modi laudantium magnam sint. Ex soluta repellendus accusantium amet vero dolor sequi voluptatem iste. Non iusto soluta fugit quidem voluptatibus laboriosam ea. Harum debitis laboriosam unde error facere blanditiis ea.","body":"Expedita aliquam quae sequi quod et quas ad totam amet. Illo officiis fugiat accusamus rerum culpa animi. Occaecati totam dolorum ipsum impedit sint non ut ex. Distinctio est quasi eaque facilis nisi repudiandae.\nLabore excepturi laboriosam eius recusandae necessitatibus reprehenderit culpa dolore. Eligendi harum nam maxime. Repellat porro necessitatibus accusantium.\nVoluptate incidunt veritatis tenetur dolore dignissimos delectus. Id rem qui fuga doloremque atque saepe iusto. Quibusdam consequuntur quae.\nNihil quis impedit ratione quos at magnam. Optio et fuga quod expedita labore aperiam. Odit possimus quod numquam tempora at. Dignissimos non reiciendis voluptate veritatis et iure. Rem eum consectetur.\nCorrupti possimus unde maiores velit sequi neque dolores. Adipisci labore repellendus temporibus aperiam tenetur accusamus perspiciatis nostrum. Consequatur doloribus eius. Nihil iste cumque odio dolorum corrupti soluta molestias optio esse. Animi alias asperiores. At error esse facere sint qui autem incidunt odit architecto."},{"id":"645b7eb091609c668797fae0","title":"violet","description":"Labore excepturi explicabo autem labore voluptate repellendus veniam nemo. Eius reprehenderit doloribus sit inventore commodi reiciendis quasi distinctio. Temporibus voluptas quis minima odio. Officiis ratione beatae. Enim pariatur delectus dolor autem adipisci quibusdam accusantium. Explicabo ut amet laboriosam ratione.","body":"Fugiat numquam exercitationem dicta tempore quasi expedita in. Adipisci autem enim dignissimos error deleniti a odio. Placeat minima incidunt fugiat dolore non recusandae libero nobis. Quis libero accusantium sunt impedit.\nDoloribus sed esse animi. Necessitatibus possimus error omnis optio hic vel. Reiciendis illo unde ratione illum ut eum soluta corrupti odit.\nSit non explicabo voluptates non consequuntur accusamus quisquam deleniti. Expedita exercitationem cumque mollitia quibusdam porro aliquam. Dolore eaque impedit totam repellat vitae aspernatur ullam. Incidunt vitae qui tempore. Alias iure commodi beatae fuga quia tenetur deserunt tempora doloribus. Voluptatem aut labore quis sequi a temporibus quibusdam.\nUnde consectetur quaerat perspiciatis quis mollitia necessitatibus inventore eaque numquam. Impedit amet dolores excepturi esse. Voluptatem laborum omnis eum quia maxime facilis nesciunt.\nArchitecto molestiae porro rerum sint perspiciatis nulla sequi minima officia. Accusantium ad distinctio non porro. Voluptas repellat quos eligendi nam sit neque inventore. Quo error maxime iusto est consequatur praesentium numquam. Voluptatem voluptatum corporis dolorem dicta consequuntur nisi. Officia nostrum dolore."},{"id":"645b80dee44ade319fdd7f0d","title":"cyan","description":"Quos porro cum explicabo velit tempore quasi enim quod quibusdam. Autem magni ipsa. Deserunt delectus quia vitae fugiat vitae ratione.","body":"Voluptas vero sunt cum architecto non quas earum blanditiis repudiandae. Voluptates ex ipsum fuga hic iusto adipisci ipsam totam. Quam provident veritatis. Possimus molestias at perspiciatis ullam vel. Aliquam veritatis velit dolorem accusantium sunt cumque.\nSapiente vero ea sunt illum totam officiis quas natus. Nesciunt corrupti maxime laborum quia. Sint perspiciatis distinctio voluptas. In sunt repudiandae architecto id ducimus expedita. Mollitia rerum fugit voluptates eaque laudantium incidunt veniam. Unde doloremque dolores iure molestias in quaerat aperiam nisi at.\nSaepe iusto dolorum porro laudantium debitis earum nihil cupiditate. Nostrum tempora quos ea debitis aliquam et. Impedit exercitationem saepe necessitatibus.\nQui magni alias ratione quos ipsam corrupti recusandae. Placeat impedit eos eaque reprehenderit quos doloremque. Error qui repellat corporis maxime. Praesentium veniam quisquam quis culpa porro necessitatibus laborum.\nPariatur vel ratione laudantium facere similique maiores necessitatibus. Saepe facilis ipsa esse harum dolores itaque molestias. Veritatis voluptas dolorum minus nobis. Quidem in in accusamus vero laudantium reiciendis est nostrum nesciunt. Reiciendis ipsa explicabo sed incidunt aliquid ea aperiam assumenda hic. Ex occaecati hic aliquam non pariatur vel quod corporis."}]},{"id":"645a3be25b698e92cb3ba1a8","name":"23","producer":"54","rating":1,"reviews":[{"id":"645b7d78828ef8d3dd1817ea","title":"violet","description":"Veniam repudiandae iure animi praesentium. Excepturi vitae officiis possimus voluptates id. Labore dolorem velit corporis distinctio voluptatem itaque nam. Aliquam quaerat sed perferendis atque porro dolorem iusto. A in labore dolor quaerat libero.","body":"Earum possimus voluptate aliquam nulla quo eum quos incidunt dignissimos. Amet repellat esse. Quia hic eius in quae.\nSoluta commodi aliquam vero ipsum dolor facere tempore ullam. Rerum ab quae pariatur nihil. Repudiandae aliquam ea reiciendis culpa nostrum. Asperiores voluptates sit libero.\nAb accusantium quas saepe architecto iure incidunt. Iure optio cupiditate officiis excepturi vero eum qui dicta ipsum. Sint deleniti impedit occaecati odio dolore impedit eveniet. Voluptate neque exercitationem omnis voluptatem incidunt autem expedita. At deserunt nostrum exercitationem ipsa alias perspiciatis quod. Mollitia eaque enim placeat totam minima.\nLaboriosam aut enim iusto ea ea illo ea. Accusantium ut soluta doloremque. Exercitationem nisi culpa ex id debitis. Dicta nisi deserunt numquam consectetur aliquam explicabo veniam. Eligendi atque harum inventore harum possimus in laboriosam. Aperiam ipsa optio soluta vel qui.\nVoluptatem atque mollitia veritatis doloribus cumque. Rerum tempora iure magni sed recusandae laudantium tempore repudiandae commodi. Ipsam sunt nihil. Facilis quod eveniet placeat ab illum. Fugiat inventore pariatur esse aut facere."},{"id":"645b7da0cb91efdb63ec1e8b","title":"violet","description":"Eius cum inventore nemo amet libero incidunt praesentium. Quod impedit quibusdam dolore harum. Quisquam illo mollitia aperiam. Laboriosam libero repellendus ut dolores minus ratione quia qui sequi.","body":"Quasi recusandae iure aut voluptatem earum cumque. Consequatur dignissimos suscipit quaerat ipsum repellendus debitis impedit incidunt totam. Expedita similique mollitia pariatur rerum voluptas omnis a corporis.\nIpsa accusantium rerum molestias enim odio voluptate maiores. Dolores ea omnis minus ad rerum saepe. Repellendus facilis dignissimos vitae doloremque quisquam. Expedita mollitia deserunt ad laudantium commodi cumque iusto dolores temporibus. Ex molestiae iusto tempora est quibusdam autem sit dolor. Pariatur aliquam voluptates corporis esse.\nFacere quae excepturi nisi maiores nemo omnis repellendus. Accusamus consectetur iusto illum voluptates cupiditate. Dolores magnam culpa vel sequi. Voluptas molestiae officiis eveniet qui debitis placeat itaque.\nNumquam cum possimus saepe rem ipsam quam blanditiis. Iusto mollitia eum maiores. Voluptas adipisci doloremque quae culpa voluptate. Laboriosam rerum odit incidunt quos facere accusantium numquam voluptatibus.\nMollitia aliquam quas mollitia. Corrupti odit asperiores suscipit. Rerum repellendus quidem nisi."},{"id":"645b7eb091609c668797fae6","title":"black","description":"Doloremque est adipisci tempora numquam et numquam ratione tenetur perferendis. Esse quam architecto quam odit excepturi. Ducimus eum dolores. Modi quibusdam quia commodi voluptates dolor totam eveniet minus. Possimus cum amet natus. Ipsam architecto est nihil ipsum et neque.","body":"Ipsum eaque dolorem cum quibusdam eos provident minus. Eius harum quisquam accusantium consequuntur eaque quis odit in. Delectus nostrum a eveniet iusto. Impedit odit ipsum odio mollitia quo enim.\nProvident nam temporibus cumque necessitatibus culpa. Perspiciatis consequatur pariatur molestiae ipsam occaecati illo dignissimos quaerat. Quo eligendi dolorem quod consequatur hic enim soluta nisi.\nVoluptatibus quo molestiae dolorem officiis ad eveniet ut. Sit nostrum iusto temporibus. Voluptates sequi labore rerum consequuntur blanditiis culpa.\nTenetur nemo tempore quisquam pariatur accusamus laudantium officia. Dignissimos eveniet et nobis illo maxime possimus. Iure illum aut consequuntur tempore temporibus odit sint.\nArchitecto libero ducimus deserunt quidem quam. Dicta mollitia amet. Cupiditate a fugiat vel velit facere vitae nam natus odit. Cupiditate error repudiandae illum error quae nulla odit. Necessitatibus ex voluptatum assumenda corporis blanditiis."},{"id":"645b80dfe44ade319fdd7f13","title":"orchid","description":"Odit consectetur praesentium perspiciatis tempore ut. Aut veritatis dolorum qui temporibus in. Adipisci minus quasi quod. Itaque quo amet eum optio vel. Repudiandae ipsum officia.","body":"Amet rerum eaque. Debitis facilis facilis quod eius libero et maxime. Aspernatur architecto possimus ipsum. Odio magnam nostrum temporibus autem. Mollitia quidem et error neque quasi. Repellendus ipsum quos occaecati dicta mollitia facere hic sit.\nPlaceat modi voluptates saepe eum nulla. At veniam corrupti quia enim. Nulla ipsa ea odio officiis. Aperiam illum harum nihil numquam harum adipisci.\nTenetur ad fugiat aut molestiae inventore omnis. Dolorem nostrum minus consequuntur rem ducimus. Harum nisi magni aut optio libero fuga. In ullam dolore inventore voluptatum illum pariatur occaecati. Perspiciatis amet quam culpa perferendis temporibus eligendi quis architecto at.\nNesciunt adipisci reiciendis molestias occaecati. Qui ipsam minus cupiditate provident. Illo eveniet aut a voluptatem voluptatem corrupti perferendis quasi eaque. Excepturi ratione dolorum labore suscipit.\nDeserunt quam voluptate ex porro. Dolor debitis facere distinctio veniam. Provident pariatur eius. Sequi sed nihil explicabo cumque id iure. Incidunt quod corrupti."}]},{"id":"645a3be35b698e92cb3ba1aa","name":"23","producer":"54","rating":1,"reviews":[{"id":"645b7d78828ef8d3dd1817f2","title":"maroon","description":"Quam eligendi nihil quisquam voluptates nemo commodi dolore ad. Ullam explicabo cum est quasi dolore dolor. Odit enim aliquid quibusdam similique. Nesciunt provident veniam assumenda possimus illum saepe rerum ducimus. Esse sequi inventore quo tempora quisquam suscipit. Expedita nobis nesciunt.","body":"Eligendi sint alias similique ipsam mollitia eaque voluptate. Quo quaerat sapiente distinctio. Ipsa voluptatibus praesentium earum hic tempore. Quam eius odit sequi perferendis facere.\nOfficia sequi perspiciatis. Deserunt ea quam sapiente dolor non perferendis eos sequi animi. Voluptate hic amet modi. Recusandae aliquid tempore fugit ipsa assumenda cum excepturi.\nSequi nemo quibusdam facilis ipsam nulla harum deserunt officiis deserunt. Fugit pariatur corporis nam temporibus aliquid quasi distinctio. Magni impedit dicta velit. Repudiandae voluptas at cupiditate culpa. Quidem nulla nostrum.\nPraesentium autem assumenda animi at corrupti occaecati. Impedit hic quidem iusto minima non alias dignissimos. Quas unde eos.\nVoluptates eum illo enim alias. Est reprehenderit maxime nesciunt animi modi praesentium. Animi fugit iste dicta ullam delectus voluptas suscipit."},{"id":"645b7da0cb91efdb63ec1e91","title":"cyan","description":"Consectetur sapiente magni eum porro nulla fuga voluptatum. Quam nihil hic. Vel aliquid amet beatae libero sit. Eaque officiis tempora quasi aperiam. Maxime voluptatem qui autem laborum quos quibusdam voluptatem blanditiis.","body":"Labore quas animi. Placeat minima inventore est at. Qui nihil eius soluta saepe voluptate sed exercitationem molestiae natus. Molestias sint explicabo possimus distinctio et maiores distinctio aliquid. Veritatis facilis dolore blanditiis nulla earum laudantium corporis odio iste. Cupiditate deserunt minima voluptatibus.\nInventore quidem alias consequatur expedita quaerat dolores. In tenetur repudiandae reprehenderit ipsam molestiae ut. Consectetur dolorem officia officiis placeat cum facere porro nostrum. Inventore quaerat molestiae. Tenetur eligendi cumque.\nPorro facilis assumenda doloribus corporis nihil voluptas architecto laboriosam quis. Nobis voluptate quaerat quam veniam. Quo dolores repellat ratione voluptates aspernatur exercitationem aperiam eveniet nemo.\nOfficia accusamus mollitia necessitatibus rerum. Sunt cumque cumque soluta totam soluta commodi iusto nesciunt est. Vel aliquid consequuntur recusandae beatae natus aliquid. Reprehenderit mollitia aspernatur hic aliquam molestiae ducimus beatae corrupti.\nDucimus repudiandae vero laborum expedita rem similique officia dolores maiores. Soluta deleniti odit consequuntur voluptatem soluta natus excepturi. Nulla enim vitae nobis praesentium optio dicta earum praesentium. Pariatur veniam dolorum quaerat. Nostrum asperiores ducimus. Quisquam voluptas pariatur dolor cupiditate nulla pariatur saepe porro amet."},{"id":"645b7eb091609c668797faec","title":"turquoise","description":"Ut similique architecto. Soluta dignissimos accusantium perferendis. Natus tenetur voluptate vitae autem adipisci perspiciatis saepe aliquid. Quod temporibus dolorum repudiandae. Repudiandae distinctio ab.","body":"Veniam eum officia atque dolore. Numquam alias facilis reiciendis repellendus natus debitis delectus accusantium. Laudantium excepturi saepe ullam velit nisi. Voluptatibus fuga fugiat dicta tenetur temporibus quam.\nError temporibus perspiciatis libero modi. Quod incidunt harum. Laborum nisi placeat accusamus asperiores cumque ex nihil tenetur.\nCumque iusto dignissimos consectetur autem. Nulla quos ipsa reiciendis quasi. Animi quo corrupti voluptatum dolore quam numquam quis natus impedit. Sit veniam quis odio. Voluptatibus enim saepe unde.\nOccaecati ad voluptate. Dolore et quos ad voluptatem totam. Accusamus voluptates vel nesciunt incidunt consequatur. Expedita veniam magni error. Odio fugiat totam quas dolor quas.\nIure dolorum aperiam nesciunt eius. Ullam illum nostrum expedita minus enim. Facere corrupti nisi fugit corrupti soluta cum sint. Aperiam ab aspernatur nostrum. Commodi possimus vitae repellendus mollitia nostrum aspernatur minus velit. In nemo inventore laudantium."},{"id":"645b80dfe44ade319fdd7f19","title":"salmon","description":"Sapiente unde molestiae nihil laboriosam error distinctio natus. Quisquam soluta consequatur quo. Facilis molestias recusandae deleniti fuga occaecati mollitia dolorum nemo sint. Commodi est incidunt aliquam maxime maiores incidunt neque.","body":"Ipsa quo ex repellendus repellat eius consectetur pariatur ea. Magni cupiditate ullam nobis quo reiciendis a labore. Esse odit autem consectetur totam tempore placeat iusto. Id quae consequuntur nesciunt. Animi magni harum ab. Possimus rem numquam.\nQuis incidunt deserunt ipsum aut perferendis. Asperiores unde vitae molestiae dicta debitis modi aspernatur. Est aut inventore. Cupiditate illum quisquam corrupti veniam ex reiciendis adipisci. Corporis possimus optio optio quasi cumque. Velit nesciunt inventore assumenda nobis labore doloremque.\nVelit ea voluptates expedita numquam blanditiis voluptatem. Enim voluptatum tenetur nostrum nemo. Praesentium libero saepe natus tempora ut molestias vel. Occaecati temporibus repudiandae.\nArchitecto aliquid fugiat quam. Itaque ipsam iusto vel repellendus saepe facilis veritatis saepe. Quam saepe adipisci repudiandae veritatis rerum maxime magnam velit molestias. Corporis eligendi debitis eos eligendi nobis dignissimos omnis quasi ab. Vero omnis atque quae ullam suscipit. Numquam accusantium beatae sit possimus.\nMolestias commodi ipsum explicabo officia est eaque. Omnis sunt modi nisi architecto sint magnam. Eum nemo autem nihil dolorum excepturi incidunt repellat. Inventore eum vel facilis adipisci totam. Tempora eligendi illo laudantium sunt aut voluptatum molestiae veritatis. Fuga tempore repellat tenetur tempora ullam."}]},{"id":"645a3be45b698e92cb3ba1ac","name":"23","producer":"54","rating":1,"reviews":[{"id":"645b7d78828ef8d3dd1817fa","title":"black","description":"Cum perferendis dolor ullam ullam maiores. Nemo cum cupiditate placeat tempora libero repellat fuga vero tempore. Pariatur quidem a repudiandae consequatur aperiam.","body":"Odio ipsam qui delectus perferendis nulla nostrum. Enim architecto totam commodi nisi mollitia. Aliquam ipsum asperiores et officia necessitatibus dignissimos officiis vero eaque. Maxime modi numquam aspernatur quisquam maiores animi. Praesentium laborum consequatur ipsa tempore. Aut doloremque magnam.\nQuidem velit sunt doloremque omnis veritatis aspernatur maxime. Nobis dolorem distinctio quos. Totam cum tempore mollitia est ratione natus earum. Repudiandae incidunt velit repellat adipisci aliquam.\nQuis ullam sapiente alias architecto impedit ex iusto. Veniam veniam vero quos repellendus soluta doloremque. Itaque minima illum aspernatur animi ea reiciendis ab rerum vel. Eum blanditiis labore saepe quam dolor dolore sed asperiores provident. Ducimus labore voluptates praesentium laudantium optio minima consequatur nobis nisi. Inventore impedit qui hic veniam dolor pariatur eligendi aliquid.\nDicta tempora ab nihil animi doloribus earum. Reprehenderit exercitationem hic corporis provident iusto tempore. Id aspernatur omnis libero totam voluptatum possimus adipisci. Corrupti quod accusantium mollitia sit nostrum quis tenetur repellat eligendi. Soluta minus tempore commodi ex. Illo amet blanditiis.\nSoluta quam perferendis ipsam esse tempore. Eum non doloremque. Nihil explicabo libero ducimus quis eius non. Nisi culpa beatae corrupti. Laudantium a ipsa saepe blanditiis praesentium maiores fugit laboriosam."},{"id":"645b7da0cb91efdb63ec1e97","title":"gold","description":"Aperiam molestias blanditiis ullam totam quaerat aspernatur laborum. Voluptas molestiae voluptas reprehenderit repellat earum quod quasi recusandae ab. Exercitationem similique illum accusantium distinctio dicta eius voluptatibus facere inventore. Et rerum ea deleniti tenetur explicabo repudiandae odit ab occaecati.","body":"Quibusdam iusto placeat. Voluptas quam beatae. Quas ducimus cumque earum tenetur. Accusamus occaecati explicabo officia quam dolorem ad doloribus. Ab repellendus odio dolor fugit quasi accusantium. Assumenda a explicabo corrupti quisquam molestiae aliquam non a ex.\nCulpa quae laboriosam adipisci enim tempora sed dicta quam. Nam eos corporis repellendus at accusantium voluptatem. Dignissimos laudantium esse ex voluptates aspernatur error. Ullam ab pariatur nisi accusamus. Occaecati saepe et. Veritatis quia natus consequuntur unde tenetur reprehenderit.\nDucimus adipisci provident harum odio nemo mollitia. Est similique pariatur ipsam nam. Voluptatem sed repellat dolorum minima modi enim. Ipsam natus dolores eos laboriosam quas.\nDebitis quae illo maxime est ullam occaecati. Modi rerum expedita rerum. Occaecati ullam mollitia. Unde minus aliquid maiores inventore porro sed. Exercitationem ipsa aliquam minima.\nLibero sapiente quo expedita deserunt deserunt doloribus. Fugiat cumque pariatur in corporis doloribus ad incidunt totam doloremque. Provident voluptatem omnis illo officia deleniti sunt autem."},{"id":"645b7eb091609c668797faf2","title":"mint green","description":"Incidunt inventore blanditiis aut omnis. Vitae ipsam soluta cumque temporibus eius error. Rem eveniet laboriosam.","body":"Pariatur rerum repellat minima culpa. Exercitationem officia possimus nesciunt numquam ipsam dolor magnam. Culpa officiis quo explicabo eum eligendi veritatis. Deleniti adipisci quam quia minima. Esse reprehenderit doloribus.\nIncidunt quae dignissimos tempore soluta. Rem iste doloremque. Natus ipsum ducimus nostrum nesciunt inventore architecto repellat. Soluta incidunt pariatur nulla. Magni esse dolorem ipsum ullam inventore commodi aperiam.\nEveniet magni blanditiis tempore odio fugit. Alias libero maiores nostrum assumenda qui aperiam repellendus. Dolorum ex ducimus. Quaerat qui dolor quos deleniti quae totam ab non maxime. Quisquam quo est aspernatur ipsa nemo.\nAtque nulla optio ipsum dolores voluptatum nisi architecto facilis. Facere sequi veniam eligendi. Eos earum at in. Odit omnis aut. Quis ipsa ut eos modi architecto ipsum molestiae.\nAd soluta accusamus reprehenderit doloribus assumenda. Commodi asperiores beatae tenetur voluptate rerum itaque corrupti. Quos doloremque minus cum. Corporis ratione perferendis recusandae corrupti. Alias vero adipisci quia aspernatur ratione."},{"id":"645b80dfe44ade319fdd7f1f","title":"teal","description":"Eveniet nobis vel laboriosam culpa sequi magni cupiditate veritatis. Accusamus aliquid ipsa placeat id vitae placeat. Optio praesentium praesentium cumque architecto voluptatibus voluptatibus voluptate. Assumenda veritatis dolores. Laudantium natus ut commodi autem commodi voluptatum veritatis velit nostrum. Sit quos consequuntur error tempore deserunt minus.","body":"Blanditiis architecto explicabo architecto eligendi. Quisquam iste nemo quas eligendi ipsam iusto sapiente. Quam asperiores molestiae quae doloribus sint debitis enim. Alias totam nulla veritatis alias quasi perferendis.\nDoloremque nobis consectetur nisi voluptate laudantium deleniti explicabo assumenda quibusdam. Provident veritatis rem itaque molestiae cum sunt harum. Consequuntur quis dolor accusantium quae sequi.\nSequi repellat quo. Omnis mollitia accusantium aliquid ut tenetur voluptate temporibus. Dolore tenetur voluptatibus cupiditate nemo magnam.\nNulla deleniti dolore ut esse inventore accusantium. Debitis et eius dolores nam ut. Hic repellat necessitatibus necessitatibus. Blanditiis ab corrupti quaerat cum modi quod magnam impedit.\nId ea animi non iusto qui aliquid sint ut repellendus. Consectetur ullam nulla. Ab ex fuga ullam. Tempora accusantium harum. Itaque laboriosam corrupti molestiae aperiam voluptas fuga. Pariatur dolores ipsum saepe ipsam saepe."}]},{"id":"645a3be55b698e92cb3ba1ae","name":"23","producer":"54","rating":1,"reviews":[]},{"id":"645a3be65b698e92cb3ba1b0","name":"23","producer":"54","rating":1,"reviews":[]},{"id":"645a3be75b698e92cb3ba1b2","name":"23","producer":"54","rating":1,"reviews":[]},{"id":"645a3be85b698e92cb3ba1b4","name":"23","producer":"54","rating":1,"reviews":[]},{"id":"645a3be95b698e92cb3ba1b6","name":"23","producer":"54","rating":1,"reviews":[]},{"id":"645a3bea5b698e92cb3ba1b8","name":"23","producer":"54","rating":1,"reviews":[]},{"id":"645a3beb5b698e92cb3ba1ba","name":"23","producer":"54","rating":1,"reviews":[]},{"id":"645a3bec5b698e92cb3ba1bc","name":"23","producer":"54","rating":1,"reviews":[]},{"id":"645a3bed5b698e92cb3ba1be","name":"23","producer":"54","rating":1,"reviews":[]},{"id":"645a3bee5b698e92cb3ba1c0","name":"23","producer":"54","rating":1,"reviews":[]},{"id":"645a3bef5b698e92cb3ba1c2","name":"23","producer":"54","rating":1,"reviews":[]},{"id":"645a3bf05b698e92cb3ba1c4","name":"23","producer":"54","rating":1,"reviews":[]},{"id":"645a3bf15b698e92cb3ba1c6","name":"23","producer":"54","rating":1,"reviews":[]},{"id":"645a3bf25b698e92cb3ba1c8","name":"23","producer":"54","rating":1,"reviews":[]},{"id":"645a3bf35b698e92cb3ba1ca","name":"23","producer":"54","rating":1,"reviews":[]},{"id":"645a3bf45b698e92cb3ba1cc","name":"23","producer":"54","rating":1,"reviews":[]},{"id":"645a3bf55b698e92cb3ba1ce","name":"23","producer":"54","rating":1,"reviews":[]},{"id":"645a3bf65b698e92cb3ba1d0","name":"23","producer":"54","rating":1,"reviews":[]},{"id":"645a3bf75b698e92cb3ba1d2","name":"23","producer":"54","rating":1,"reviews":[]},{"id":"645a3bf85b698e92cb3ba1d4","name":"23","producer":"54","rating":1,"reviews":[]},{"id":"645a3bf95b698e92cb3ba1d6","name":"23","producer":"54","rating":1,"reviews":[]},{"id":"645a3bfa5b698e92cb3ba1d8","name":"23","producer":"54","rating":1,"reviews":[]},{"id":"645a3bfb5b698e92cb3ba1da","name":"23","producer":"54","rating":1,"reviews":[]},{"id":"645a3bfc5b698e92cb3ba1dc","name":"23","producer":"54","rating":1,"reviews":[]},{"id":"645a3bfd5b698e92cb3ba1de","name":"23","producer":"54","rating":1,"reviews":[]},{"id":"645a3bfe5b698e92cb3ba1e0","name":"23","producer":"54","rating":1,"reviews":[]},{"id":"645a3bff5b698e92cb3ba1e2","name":"23","producer":"54","rating":1,"reviews":[]},{"id":"645a3c005b698e92cb3ba1e4","name":"23","producer":"54","rating":1,"reviews":[]},{"id":"645a3c015b698e92cb3ba1e6","name":"23","producer":"54","rating":1,"reviews":[]},{"id":"645a3c025b698e92cb3ba1e8","name":"23","producer":"54","rating":1,"reviews":[]},{"id":"645a3c035b698e92cb3ba1ea","name":"23","producer":"54","rating":1,"reviews":[]},{"id":"645a3c045b698e92cb3ba1ec","name":"23","producer":"54","rating":1,"reviews":[]},{"id":"645a3c055b698e92cb3ba1ee","name":"23","producer":"54","rating":1,"reviews":[]},{"id":"645a3c065b698e92cb3ba1f0","name":"23","producer":"54","rating":1,"reviews":[]},{"id":"645a3c075b698e92cb3ba1f2","name":"23","producer":"54","rating":1,"reviews":[]},{"id":"645a3c085b698e92cb3ba1f4","name":"23","producer":"54","rating":1,"reviews":[]},{"id":"645a3c095b698e92cb3ba1f6","name":"23","producer":"54","rating":1,"reviews":[]},{"id":"645a3c0a5b698e92cb3ba1f8","name":"23","producer":"54","rating":1,"reviews":[]},{"id":"645a3c0b5b698e92cb3ba1fa","name":"23","producer":"54","rating":1,"reviews":[]},{"id":"645a3c0c5b698e92cb3ba1fc","name":"23","producer":"54","rating":1,"reviews":[]},{"id":"645a3c0d5b698e92cb3ba1fe","name":"23","producer":"54","rating":1,"reviews":[]},{"id":"645a3c0e5b698e92cb3ba200","name":"23","producer":"54","rating":1,"reviews":[]},{"id":"645a3c0f5b698e92cb3ba202","name":"23","producer":"54","rating":1,"reviews":[]},{"id":"645a3c105b698e92cb3ba204","name":"23","producer":"54","rating":1,"reviews":[]},{"id":"645a3c115b698e92cb3ba206","name":"23","producer":"54","rating":1,"reviews":[]},{"id":"645a3c125b698e92cb3ba208","name":"23","producer":"54","rating":1,"reviews":[]},{"id":"645a3fe48c5374ee9a8b364d","name":"Great Movie","producer":"BABU","rating":3,"reviews":[]},{"id":"645a3fe68c5374ee9a8b364f","name":"Great Movie","producer":"BABU","rating":3,"reviews":[]},{"id":"645a3fe78c5374ee9a8b3651","name":"Great Movie","producer":"BABU","rating":3,"reviews":[]},{"id":"645a3fe78c5374ee9a8b3653","name":"Great Movie","producer":"BABU","rating":3,"reviews":[]},{"id":"645a3fe88c5374ee9a8b3655","name":"Great Movie","producer":"BABU","rating":3,"reviews":[]},{"id":"645a3fe88c5374ee9a8b3657","name":"Great Movie","producer":"BABU","rating":3,"reviews":[]},{"id":"645a3fe88c5374ee9a8b3659","name":"Great Movie","producer":"BABU","rating":3,"reviews":[]},{"id":"645a3fe98c5374ee9a8b365b","name":"Great Movie","producer":"BABU","rating":3,"reviews":[]},{"id":"645b9957918b604b7c084379","name":"23","producer":"54","rating":1,"reviews":[]},{"id":"645b9957918b604b7c08437b","name":"23","producer":"54","rating":1,"reviews":[]},{"id":"645b9957918b604b7c08437d","name":"23","producer":"54","rating":1,"reviews":[]},{"id":"645b9957918b604b7c084383","name":"23","producer":"54","rating":1,"reviews":[]},{"id":"645b9957918b604b7c084385","name":"23","producer":"54","rating":1,"reviews":[]},{"id":"645b9957918b604b7c084387","name":"23","producer":"54","rating":1,"reviews":[]},{"id":"645b9957918b604b7c084389","name":"23","producer":"54","rating":1,"reviews":[]},{"id":"645b9957918b604b7c08438b","name":"23","producer":"54","rating":1,"reviews":[]},{"id":"645b9957918b604b7c08438d","name":"23","producer":"54","rating":1,"reviews":[]},{"id":"645b9957918b604b7c084393","name":"23","producer":"54","rating":1,"reviews":[]},{"id":"645b9957918b604b7c084391","name":"23","producer":"54","rating":1,"reviews":[]},{"id":"645b9957918b604b7c08438f","name":"23","producer":"54","rating":1,"reviews":[]},{"id":"645b9957918b604b7c084395","name":"23","producer":"54","rating":1,"reviews":[]},{"id":"645b9957918b604b7c084397","name":"23","producer":"54","rating":1,"reviews":[]},{"id":"645b9957918b604b7c084399","name":"23","producer":"54","rating":1,"reviews":[]},{"id":"645b9957918b604b7c08439b","name":"23","producer":"54","rating":1,"reviews":[]},{"id":"645b9957918b604b7c08439d","name":"23","producer":"54","rating":1,"reviews":[]},{"id":"645b9957918b604b7c08439f","name":"23","producer":"54","rating":1,"reviews":[]},{"id":"645b9957918b604b7c0843a1","name":"23","producer":"54","rating":1,"reviews":[]},{"id":"645b9957918b604b7c084381","name":"23","producer":"54","rating":1,"reviews":[]},{"id":"645b9957918b604b7c0843a5","name":"23","producer":"54","rating":1,"reviews":[]},{"id":"645b9957918b604b7c0843a7","name":"23","producer":"54","rating":1,"reviews":[]},{"id":"645b9957918b604b7c08437f","name":"23","producer":"54","rating":1,"reviews":[]},{"id":"645b9957918b604b7c0843a9","name":"23","producer":"54","rating":1,"reviews":[]},{"id":"645b9957918b604b7c0843ab","name":"23","producer":"54","rating":1,"reviews":[]},{"id":"645b9957918b604b7c0843ad","name":"23","producer":"54","rating":1,"reviews":[]},{"id":"645b9957918b604b7c0843af","name":"23","producer":"54","rating":1,"reviews":[]},{"id":"645b9957918b604b7c0843b1","name":"23","producer":"54","rating":1,"reviews":[]},{"id":"645b9957918b604b7c0843b3","name":"23","producer":"54","rating":1,"reviews":[]},{"id":"645b9957918b604b7c0843b5","name":"23","producer":"54","rating":1,"reviews":[]},{"id":"645b9957918b604b7c0843a3","name":"23","producer":"54","rating":1,"reviews":[]},{"id":"645b9958918b604b7c0843b7","name":"23","producer":"54","rating":1,"reviews":[]},{"id":"645b9958918b604b7c0843b9","name":"23","producer":"54","rating":1,"reviews":[]},{"id":"645b9958918b604b7c0843bb","name":"23","producer":"54","rating":1,"reviews":[]},{"id":"645b9958918b604b7c0843bd","name":"23","producer":"54","rating":1,"reviews":[]},{"id":"645b9958918b604b7c0843bf","name":"23","producer":"54","rating":1,"reviews":[]},{"id":"645b9958918b604b7c0843c1","name":"23","producer":"54","rating":1,"reviews":[]},{"id":"645b9958918b604b7c0843c3","name":"23","producer":"54","rating":1,"reviews":[]},{"id":"645b9958918b604b7c0843c5","name":"23","producer":"54","rating":1,"reviews":[]},{"id":"645b9958918b604b7c0843c9","name":"23","producer":"54","rating":1,"reviews":[]},{"id":"645b9958918b604b7c0843c7","name":"23","producer":"54","rating":1,"reviews":[]},{"id":"645b9958918b604b7c0843cb","name":"23","producer":"54","rating":1,"reviews":[]},{"id":"645b9958918b604b7c0843cd","name":"23","producer":"54","rating":1,"reviews":[]},{"id":"645b9958918b604b7c0843cf","name":"23","producer":"54","rating":1,"reviews":[]},{"id":"645b9958918b604b7c0843d1","name":"23","producer":"54","rating":1,"reviews":[]},{"id":"645b9958918b604b7c0843d3","name":"23","producer":"54","rating":1,"reviews":[]},{"id":"645b9958918b604b7c0843d5","name":"23","producer":"54","rating":1,"reviews":[]},{"id":"645b9958918b604b7c0843d7","name":"23","producer":"54","rating":1,"reviews":[]},{"id":"645b9958918b604b7c0843d9","name":"23","producer":"54","rating":1,"reviews":[]},{"id":"645b9958918b604b7c0843db","name":"23","producer":"54","rating":1,"reviews":[]},{"id":"645b9958918b604b7c0843dd","name":"23","producer":"54","rating":1,"reviews":[]},{"id":"645b9958918b604b7c0843df","name":"23","producer":"54","rating":1,"reviews":[]},{"id":"645b9958918b604b7c0843e1","name":"23","producer":"54","rating":1,"reviews":[]},{"id":"645b9958918b604b7c0843e3","name":"23","producer":"54","rating":1,"reviews":[]},{"id":"645b9958918b604b7c0843e5","name":"23","producer":"54","rating":1,"reviews":[]},{"id":"645b9958918b604b7c0843e7","name":"23","producer":"54","rating":1,"reviews":[]},{"id":"645b9958918b604b7c0843e9","name":"23","producer":"54","rating":1,"reviews":[]},{"id":"645b9958918b604b7c0843eb","name":"23","producer":"54","rating":1,"reviews":[]},{"id":"645b9958918b604b7c0843ed","name":"23","producer":"54","rating":1,"reviews":[]},{"id":"645b9958918b604b7c0843ef","name":"23","producer":"54","rating":1,"reviews":[]},{"id":"645b9958918b604b7c0843f1","name":"23","producer":"54","rating":1,"reviews":[]},{"id":"645b9958918b604b7c0843f3","name":"23","producer":"54","rating":1,"reviews":[]},{"id":"645b9958918b604b7c0843f5","name":"23","producer":"54","rating":1,"reviews":[]},{"id":"645b9958918b604b7c0843f7","name":"23","producer":"54","rating":1,"reviews":[]},{"id":"645b9958918b604b7c0843f9","name":"23","producer":"54","rating":1,"reviews":[]},{"id":"645b9958918b604b7c0843fb","name":"23","producer":"54","rating":1,"reviews":[]},{"id":"645b9958918b604b7c0843fd","name":"23","producer":"54","rating":1,"reviews":[]},{"id":"645b9958918b604b7c0843ff","name":"23","producer":"54","rating":1,"reviews":[]},{"id":"645b9958918b604b7c084401","name":"23","producer":"54","rating":1,"reviews":[]},{"id":"645b9958918b604b7c084403","name":"23","producer":"54","rating":1,"reviews":[]},{"id":"645b9958918b604b7c084405","name":"23","producer":"54","rating":1,"reviews":[]},{"id":"645b9958918b604b7c084407","name":"23","producer":"54","rating":1,"reviews":[]},{"id":"645b9958918b604b7c084409","name":"23","producer":"54","rating":1,"reviews":[]},{"id":"645b9958918b604b7c08440b","name":"23","producer":"54","rating":1,"reviews":[]},{"id":"645b9958918b604b7c08440d","name":"23","producer":"54","rating":1,"reviews":[]},{"id":"645b9958918b604b7c08440f","name":"23","producer":"54","rating":1,"reviews":[]},{"id":"645b9958918b604b7c084411","name":"23","producer":"54","rating":1,"reviews":[]},{"id":"645b9958918b604b7c084413","name":"23","producer":"54","rating":1,"reviews":[]},{"id":"645b9958918b604b7c084415","name":"23","producer":"54","rating":1,"reviews":[]},{"id":"645b9958918b604b7c084417","name":"23","producer":"54","rating":1,"reviews":[]},{"id":"645b9958918b604b7c084419","name":"23","producer":"54","rating":1,"reviews":[]},{"id":"645b9959918b604b7c08441b","name":"23","producer":"54","rating":1,"reviews":[]},{"id":"645b9959918b604b7c08441d","name":"23","producer":"54","rating":1,"reviews":[]},{"id":"645b9959918b604b7c08441f","name":"23","producer":"54","rating":1,"reviews":[]},{"id":"645b9959918b604b7c084421","name":"23","producer":"54","rating":1,"reviews":[]},{"id":"645b9959918b604b7c084423","name":"23","producer":"54","rating":1,"reviews":[]},{"id":"645b9959918b604b7c084425","name":"23","producer":"54","rating":1,"reviews":[]},{"id":"645b9959918b604b7c084427","name":"23","producer":"54","rating":1,"reviews":[]},{"id":"645b9959918b604b7c084429","name":"23","producer":"54","rating":1,"reviews":[]},{"id":"645b9959918b604b7c08442b","name":"23","producer":"54","rating":1,"reviews":[]},{"id":"645b9959918b604b7c08442d","name":"23","producer":"54","rating":1,"reviews":[]},{"id":"645b9959918b604b7c08442f","name":"23","producer":"54","rating":1,"reviews":[]},{"id":"645b9959918b604b7c084431","name":"23","producer":"54","rating":1,"reviews":[]},{"id":"645b9959918b604b7c084433","name":"23","producer":"54","rating":1,"reviews":[]},{"id":"645b9959918b604b7c084435","name":"23","producer":"54","rating":1,"reviews":[]},{"id":"645b9959918b604b7c084437","name":"23","producer":"54","rating":1,"reviews":[]},{"id":"645b9959918b604b7c084439","name":"23","producer":"54","rating":1,"reviews":[]},{"id":"645b9959918b604b7c08443b","name":"23","producer":"54","rating":1,"reviews":[]},{"id":"645b9959918b604b7c08443d","name":"23","producer":"54","rating":1,"reviews":[]},{"id":"645b9959918b604b7c08443f","name":"23","producer":"54","rating":1,"reviews":[]},{"id":"645b9959918b604b7c084441","name":"23","producer":"54","rating":1,"reviews":[]},{"id":"645b9959918b604b7c084443","name":"23","producer":"54","rating":1,"reviews":[]},{"id":"645b9959918b604b7c084445","name":"23","producer":"54","rating":1,"reviews":[]},{"id":"645b9959918b604b7c084447","name":"23","producer":"54","rating":1,"reviews":[]},{"id":"645b9959918b604b7c084449","name":"23","producer":"54","rating":1,"reviews":[]},{"id":"645b9959918b604b7c08444b","name":"23","producer":"54","rating":1,"reviews":[]},{"id":"645b9959918b604b7c08444d","name":"23","producer":"54","rating":1,"reviews":[]},{"id":"645b9959918b604b7c08444f","name":"23","producer":"54","rating":1,"reviews":[]},{"id":"645b9959918b604b7c084451","name":"23","producer":"54","rating":1,"reviews":[]},{"id":"645b9959918b604b7c084453","name":"23","producer":"54","rating":1,"reviews":[]},{"id":"645b9959918b604b7c084455","name":"23","producer":"54","rating":1,"reviews":[]},{"id":"645b9959918b604b7c084457","name":"23","producer":"54","rating":1,"reviews":[]},{"id":"645b9959918b604b7c084459","name":"23","producer":"54","rating":1,"reviews":[]},{"id":"645b9959918b604b7c08445b","name":"23","producer":"54","rating":1,"reviews":[]},{"id":"645b9959918b604b7c08445d","name":"23","producer":"54","rating":1,"reviews":[]},{"id":"645b9959918b604b7c08445f","name":"23","producer":"54","rating":1,"reviews":[]},{"id":"645b9959918b604b7c084461","name":"23","producer":"54","rating":1,"reviews":[]},{"id":"645b9959918b604b7c084463","name":"23","producer":"54","rating":1,"reviews":[]},{"id":"645b9959918b604b7c084465","name":"23","producer":"54","rating":1,"reviews":[]},{"id":"645b9959918b604b7c084467","name":"23","producer":"54","rating":1,"reviews":[]},{"id":"645b9959918b604b7c084469","name":"23","producer":"54","rating":1,"reviews":[]},{"id":"645b9959918b604b7c08446b","name":"23","producer":"54","rating":1,"reviews":[]},{"id":"645b9959918b604b7c08446d","name":"23","producer":"54","rating":1,"reviews":[]},{"id":"645b9959918b604b7c08446f","name":"23","producer":"54","rating":1,"reviews":[]},{"id":"645b9959918b604b7c084471","name":"23","producer":"54","rating":1,"reviews":[]},{"id":"645b9959918b604b7c084473","name":"23","producer":"54","rating":1,"reviews":[]},{"id":"645b9959918b604b7c084475","name":"23","producer":"54","rating":1,"reviews":[]},{"id":"645b9959918b604b7c084477","name":"23","producer":"54","rating":1,"reviews":[]},{"id":"645b9959918b604b7c084479","name":"23","producer":"54","rating":1,"reviews":[]},{"id":"645b9959918b604b7c08447b","name":"23","producer":"54","rating":1,"reviews":[]},{"id":"645b9959918b604b7c08447d","name":"23","producer":"54","rating":1,"reviews":[]},{"id":"645b995a918b604b7c08447f","name":"23","producer":"54","rating":1,"reviews":[]},{"id":"645b995a918b604b7c084481","name":"23","producer":"54","rating":1,"reviews":[]},{"id":"645b995a918b604b7c084483","name":"23","producer":"54","rating":1,"reviews":[]},{"id":"645b995a918b604b7c084485","name":"23","producer":"54","rating":1,"reviews":[]},{"id":"645b995a918b604b7c084487","name":"23","producer":"54","rating":1,"reviews":[]},{"id":"645b995a918b604b7c084489","name":"23","producer":"54","rating":1,"reviews":[]},{"id":"645b995a918b604b7c08448b","name":"23","producer":"54","rating":1,"reviews":[]},{"id":"645b995a918b604b7c08448d","name":"23","producer":"54","rating":1,"reviews":[]},{"id":"645b995a918b604b7c08448f","name":"23","producer":"54","rating":1,"reviews":[]},{"id":"645b995a918b604b7c084491","name":"23","producer":"54","rating":1,"reviews":[]},{"id":"645b995a918b604b7c084493","name":"23","producer":"54","rating":1,"reviews":[]},{"id":"645b995a918b604b7c084495","name":"23","producer":"54","rating":1,"reviews":[]},{"id":"645b995a918b604b7c084497","name":"23","producer":"54","rating":1,"reviews":[]},{"id":"645b995a918b604b7c084499","name":"23","producer":"54","rating":1,"reviews":[]},{"id":"645b995a918b604b7c08449b","name":"23","producer":"54","rating":1,"reviews":[]},{"id":"645b995a918b604b7c08449d","name":"23","producer":"54","rating":1,"reviews":[]},{"id":"645b995a918b604b7c08449f","name":"23","producer":"54","rating":1,"reviews":[]},{"id":"645b995a918b604b7c0844a1","name":"23","producer":"54","rating":1,"reviews":[]},{"id":"645b995a918b604b7c0844a3","name":"23","producer":"54","rating":1,"reviews":[]},{"id":"645b995a918b604b7c0844a5","name":"23","producer":"54","rating":1,"reviews":[]},{"id":"645b995a918b604b7c0844a7","name":"23","producer":"54","rating":1,"reviews":[]},{"id":"645b995a918b604b7c0844a9","name":"23","producer":"54","rating":1,"reviews":[]},{"id":"645b995a918b604b7c0844ab","name":"23","producer":"54","rating":1,"reviews":[]},{"id":"645b995a918b604b7c0844ad","name":"23","producer":"54","rating":1,"reviews":[]},{"id":"645b995a918b604b7c0844af","name":"23","producer":"54","rating":1,"reviews":[]},{"id":"645b995a918b604b7c0844b1","name":"23","producer":"54","rating":1,"reviews":[]},{"id":"645b995a918b604b7c0844b3","name":"23","producer":"54","rating":1,"reviews":[]},{"id":"645b995a918b604b7c0844b5","name":"23","producer":"54","rating":1,"reviews":[]},{"id":"645b995a918b604b7c0844b7","name":"23","producer":"54","rating":1,"reviews":[]},{"id":"645b995a918b604b7c0844b9","name":"23","producer":"54","rating":1,"reviews":[]},{"id":"645b995a918b604b7c0844bb","name":"23","producer":"54","rating":1,"reviews":[]},{"id":"645b995a918b604b7c0844bd","name":"23","producer":"54","rating":1,"reviews":[]},{"id":"645b995a918b604b7c0844bf","name":"23","producer":"54","rating":1,"reviews":[]},{"id":"645b995a918b604b7c0844c1","name":"23","producer":"54","rating":1,"reviews":[]},{"id":"645b995a918b604b7c0844c3","name":"23","producer":"54","rating":1,"reviews":[]},{"id":"645b995a918b604b7c0844c5","name":"23","producer":"54","rating":1,"reviews":[]},{"id":"645b995a918b604b7c0844c7","name":"23","producer":"54","rating":1,"reviews":[]},{"id":"645b995a918b604b7c0844c9","name":"23","producer":"54","rating":1,"reviews":[]},{"id":"645b995a918b604b7c0844cb","name":"23","producer":"54","rating":1,"reviews":[]},{"id":"645b995a918b604b7c0844cd","name":"23","producer":"54","rating":1,"reviews":[]},{"id":"645b995a918b604b7c0844cf","name":"23","producer":"54","rating":1,"reviews":[]},{"id":"645b995a918b604b7c0844d1","name":"23","producer":"54","rating":1,"reviews":[]},{"id":"645b995a918b604b7c0844d3","name":"23","producer":"54","rating":1,"reviews":[]},{"id":"645b995a918b604b7c0844d5","name":"23","producer":"54","rating":1,"reviews":[]},{"id":"645b995a918b604b7c0844d7","name":"23","producer":"54","rating":1,"reviews":[]},{"id":"645b995a918b604b7c0844d9","name":"23","producer":"54","rating":1,"reviews":[]},{"id":"645b995a918b604b7c0844db","name":"23","producer":"54","rating":1,"reviews":[]},{"id":"645b995a918b604b7c0844dd","name":"23","producer":"54","rating":1,"reviews":[]},{"id":"645b995a918b604b7c0844df","name":"23","producer":"54","rating":1,"reviews":[]},{"id":"645b995a918b604b7c0844e1","name":"23","producer":"54","rating":1,"reviews":[]},{"id":"645b995b918b604b7c0844e3","name":"23","producer":"54","rating":1,"reviews":[]},{"id":"645b995b918b604b7c0844e5","name":"23","producer":"54","rating":1,"reviews":[]},{"id":"645b995b918b604b7c0844e7","name":"23","producer":"54","rating":1,"reviews":[]},{"id":"645b995b918b604b7c0844e9","name":"23","producer":"54","rating":1,"reviews":[]},{"id":"645b995b918b604b7c0844eb","name":"23","producer":"54","rating":1,"reviews":[]},{"id":"645b995b918b604b7c0844ed","name":"23","producer":"54","rating":1,"reviews":[]},{"id":"645b995b918b604b7c0844ef","name":"23","producer":"54","rating":1,"reviews":[]},{"id":"645b995b918b604b7c0844f1","name":"23","producer":"54","rating":1,"reviews":[]},{"id":"645b995b918b604b7c0844f3","name":"23","producer":"54","rating":1,"reviews":[]},{"id":"645b995b918b604b7c0844f5","name":"23","producer":"54","rating":1,"reviews":[]},{"id":"645b995b918b604b7c0844f7","name":"23","producer":"54","rating":1,"reviews":[]},{"id":"645b995b918b604b7c0844f9","name":"23","producer":"54","rating":1,"reviews":[]},{"id":"645b995b918b604b7c0844fb","name":"23","producer":"54","rating":1,"reviews":[]},{"id":"645b995b918b604b7c0844fd","name":"23","producer":"54","rating":1,"reviews":[]},{"id":"645b995b918b604b7c0844ff","name":"23","producer":"54","rating":1,"reviews":[]},{"id":"645b995b918b604b7c084501","name":"23","producer":"54","rating":1,"reviews":[]},{"id":"645b995b918b604b7c084503","name":"23","producer":"54","rating":1,"reviews":[]},{"id":"645b995b918b604b7c084505","name":"23","producer":"54","rating":1,"reviews":[]},{"id":"645b995b918b604b7c084507","name":"23","producer":"54","rating":1,"reviews":[]},{"id":"645b995b918b604b7c084509","name":"23","producer":"54","rating":1,"reviews":[]},{"id":"645b995b918b604b7c08450b","name":"23","producer":"54","rating":1,"reviews":[]},{"id":"645b995b918b604b7c08450d","name":"23","producer":"54","rating":1,"reviews":[]},{"id":"645b995b918b604b7c08450f","name":"23","producer":"54","rating":1,"reviews":[]},{"id":"645b995b918b604b7c084511","name":"23","producer":"54","rating":1,"reviews":[]},{"id":"645b995b918b604b7c084513","name":"23","producer":"54","rating":1,"reviews":[]},{"id":"645b995b918b604b7c084515","name":"23","producer":"54","rating":1,"reviews":[]},{"id":"645b995b918b604b7c084517","name":"23","producer":"54","rating":1,"reviews":[]},{"id":"645b995b918b604b7c084519","name":"23","producer":"54","rating":1,"reviews":[]},{"id":"645b995b918b604b7c08451b","name":"23","producer":"54","rating":1,"reviews":[]},{"id":"645b995b918b604b7c08451d","name":"23","producer":"54","rating":1,"reviews":[]},{"id":"645b995b918b604b7c08451f","name":"23","producer":"54","rating":1,"reviews":[]},{"id":"645b995b918b604b7c084521","name":"23","producer":"54","rating":1,"reviews":[]},{"id":"645b995b918b604b7c084523","name":"23","producer":"54","rating":1,"reviews":[]},{"id":"645b995b918b604b7c084525","name":"23","producer":"54","rating":1,"reviews":[]},{"id":"645b995b918b604b7c084527","name":"23","producer":"54","rating":1,"reviews":[]},{"id":"645b995b918b604b7c084529","name":"23","producer":"54","rating":1,"reviews":[]},{"id":"645b995b918b604b7c08452b","name":"23","producer":"54","rating":1,"reviews":[]},{"id":"645b995b918b604b7c08452d","name":"23","producer":"54","rating":1,"reviews":[]},{"id":"645b995b918b604b7c08452f","name":"23","producer":"54","rating":1,"reviews":[]},{"id":"645b995b918b604b7c084531","name":"23","producer":"54","rating":1,"reviews":[]},{"id":"645b995b918b604b7c084533","name":"23","producer":"54","rating":1,"reviews":[]},{"id":"645b995b918b604b7c084535","name":"23","producer":"54","rating":1,"reviews":[]},{"id":"645b995b918b604b7c084537","name":"23","producer":"54","rating":1,"reviews":[]},{"id":"645b995b918b604b7c084539","name":"23","producer":"54","rating":1,"reviews":[]},{"id":"645b995b918b604b7c08453b","name":"23","producer":"54","rating":1,"reviews":[]},{"id":"645b995b918b604b7c08453d","name":"23","producer":"54","rating":1,"reviews":[]},{"id":"645b995b918b604b7c08453f","name":"23","producer":"54","rating":1,"reviews":[]},{"id":"645b995b918b604b7c084541","name":"23","producer":"54","rating":1,"reviews":[]},{"id":"645b995b918b604b7c084543","name":"23","producer":"54","rating":1,"reviews":[]},{"id":"645b995b918b604b7c084545","name":"23","producer":"54","rating":1,"reviews":[]},{"id":"645b995c918b604b7c084547","name":"23","producer":"54","rating":1,"reviews":[]},{"id":"645b995c918b604b7c084549","name":"23","producer":"54","rating":1,"reviews":[]},{"id":"645b995c918b604b7c08454b","name":"23","producer":"54","rating":1,"reviews":[]},{"id":"645b995c918b604b7c08454d","name":"23","producer":"54","rating":1,"reviews":[]},{"id":"645b995c918b604b7c08454f","name":"23","producer":"54","rating":1,"reviews":[]},{"id":"645b995c918b604b7c084551","name":"23","producer":"54","rating":1,"reviews":[]},{"id":"645b995c918b604b7c084553","name":"23","producer":"54","rating":1,"reviews":[]},{"id":"645b995c918b604b7c084555","name":"23","producer":"54","rating":1,"reviews":[]},{"id":"645b995c918b604b7c084557","name":"23","producer":"54","rating":1,"reviews":[]},{"id":"645b995c918b604b7c084559","name":"23","producer":"54","rating":1,"reviews":[]},{"id":"645b995c918b604b7c08455b","name":"23","producer":"54","rating":1,"reviews":[]},{"id":"645b995c918b604b7c08455d","name":"23","producer":"54","rating":1,"reviews":[]},{"id":"645b995c918b604b7c08455f","name":"23","producer":"54","rating":1,"reviews":[]},{"id":"645b995c918b604b7c084561","name":"23","producer":"54","rating":1,"reviews":[]},{"id":"645b995c918b604b7c084563","name":"23","producer":"54","rating":1,"reviews":[]},{"id":"645b995c918b604b7c084565","name":"23","producer":"54","rating":1,"reviews":[]},{"id":"645b995c918b604b7c084567","name":"23","producer":"54","rating":1,"reviews":[]},{"id":"645b995c918b604b7c084569","name":"23","producer":"54","rating":1,"reviews":[]},{"id":"645b995c918b604b7c08456b","name":"23","producer":"54","rating":1,"reviews":[]},{"id":"645b995c918b604b7c08456d","name":"23","producer":"54","rating":1,"reviews":[]},{"id":"645b995c918b604b7c08456f","name":"23","producer":"54","rating":1,"reviews":[]},{"id":"645b995c918b604b7c084571","name":"23","producer":"54","rating":1,"reviews":[]},{"id":"645b995c918b604b7c084573","name":"23","producer":"54","rating":1,"reviews":[]},{"id":"645b995c918b604b7c084575","name":"23","producer":"54","rating":1,"reviews":[]},{"id":"645b995c918b604b7c084577","name":"23","producer":"54","rating":1,"reviews":[]},{"id":"645b995c918b604b7c084579","name":"23","producer":"54","rating":1,"reviews":[]},{"id":"645b995c918b604b7c08457b","name":"23","producer":"54","rating":1,"reviews":[]},{"id":"645b995c918b604b7c08457d","name":"23","producer":"54","rating":1,"reviews":[]},{"id":"645b995c918b604b7c08457f","name":"23","producer":"54","rating":1,"reviews":[]},{"id":"645b995c918b604b7c084581","name":"23","producer":"54","rating":1,"reviews":[]},{"id":"645b995c918b604b7c084583","name":"23","producer":"54","rating":1,"reviews":[]},{"id":"645b995c918b604b7c084585","name":"23","producer":"54","rating":1,"reviews":[]},{"id":"645b995c918b604b7c084587","name":"23","producer":"54","rating":1,"reviews":[]},{"id":"645b995c918b604b7c084589","name":"23","producer":"54","rating":1,"reviews":[]},{"id":"645b995c918b604b7c08458b","name":"23","producer":"54","rating":1,"reviews":[]},{"id":"645b995c918b604b7c08458d","name":"23","producer":"54","rating":1,"reviews":[]},{"id":"645b995c918b604b7c08458f","name":"23","producer":"54","rating":1,"reviews":[]},{"id":"645b995c918b604b7c084591","name":"23","producer":"54","rating":1,"reviews":[]},{"id":"645b995c918b604b7c084593","name":"23","producer":"54","rating":1,"reviews":[]},{"id":"645b995c918b604b7c084595","name":"23","producer":"54","rating":1,"reviews":[]},{"id":"645b995c918b604b7c084597","name":"23","producer":"54","rating":1,"reviews":[]},{"id":"645b995c918b604b7c084599","name":"23","producer":"54","rating":1,"reviews":[]},{"id":"645b995c918b604b7c08459b","name":"23","producer":"54","rating":1,"reviews":[]},{"id":"645b995c918b604b7c08459d","name":"23","producer":"54","rating":1,"reviews":[]},{"id":"645b995c918b604b7c08459f","name":"23","producer":"54","rating":1,"reviews":[]},{"id":"645b995c918b604b7c0845a1","name":"23","producer":"54","rating":1,"reviews":[]},{"id":"645b995c918b604b7c0845a3","name":"23","producer":"54","rating":1,"reviews":[]},{"id":"645b995c918b604b7c0845a5","name":"23","producer":"54","rating":1,"reviews":[]},{"id":"645b995c918b604b7c0845a7","name":"23","producer":"54","rating":1,"reviews":[]},{"id":"645b995c918b604b7c0845a9","name":"23","producer":"54","rating":1,"reviews":[]},{"id":"645b995d918b604b7c0845ab","name":"23","producer":"54","rating":1,"reviews":[]},{"id":"645b995d918b604b7c0845ad","name":"23","producer":"54","rating":1,"reviews":[]},{"id":"645b995d918b604b7c0845af","name":"23","producer":"54","rating":1,"reviews":[]},{"id":"645b995d918b604b7c0845b1","name":"23","producer":"54","rating":1,"reviews":[]},{"id":"645b995d918b604b7c0845b3","name":"23","producer":"54","rating":1,"reviews":[]},{"id":"645b995d918b604b7c0845b5","name":"23","producer":"54","rating":1,"reviews":[]},{"id":"645b995d918b604b7c0845b7","name":"23","producer":"54","rating":1,"reviews":[]},{"id":"645b995d918b604b7c0845b9","name":"23","producer":"54","rating":1,"reviews":[]},{"id":"645b995d918b604b7c0845bb","name":"23","producer":"54","rating":1,"reviews":[]},{"id":"645b995d918b604b7c0845bd","name":"23","producer":"54","rating":1,"reviews":[]},{"id":"645b995d918b604b7c0845bf","name":"23","producer":"54","rating":1,"reviews":[]},{"id":"645b995d918b604b7c0845c1","name":"23","producer":"54","rating":1,"reviews":[]},{"id":"645b995d918b604b7c0845c3","name":"23","producer":"54","rating":1,"reviews":[]},{"id":"645b995d918b604b7c0845c5","name":"23","producer":"54","rating":1,"reviews":[]},{"id":"645b995d918b604b7c0845c7","name":"23","producer":"54","rating":1,"reviews":[]},{"id":"645b995d918b604b7c0845c9","name":"23","producer":"54","rating":1,"reviews":[]},{"id":"645b995d918b604b7c0845cb","name":"23","producer":"54","rating":1,"reviews":[]},{"id":"645b995d918b604b7c0845cd","name":"23","producer":"54","rating":1,"reviews":[]},{"id":"645b995d918b604b7c0845cf","name":"23","producer":"54","rating":1,"reviews":[]},{"id":"645b995d918b604b7c0845d1","name":"23","producer":"54","rating":1,"reviews":[]},{"id":"645b995d918b604b7c0845d3","name":"23","producer":"54","rating":1,"reviews":[]},{"id":"645b995d918b604b7c0845d5","name":"23","producer":"54","rating":1,"reviews":[]},{"id":"645b995d918b604b7c0845d7","name":"23","producer":"54","rating":1,"reviews":[]},{"id":"645b995d918b604b7c0845d9","name":"23","producer":"54","rating":1,"reviews":[]},{"id":"645b995d918b604b7c0845db","name":"23","producer":"54","rating":1,"reviews":[]},{"id":"645b995d918b604b7c0845dd","name":"23","producer":"54","rating":1,"reviews":[]},{"id":"645b995d918b604b7c0845df","name":"23","producer":"54","rating":1,"reviews":[]},{"id":"645b995d918b604b7c0845e1","name":"23","producer":"54","rating":1,"reviews":[]},{"id":"645b995d918b604b7c0845e3","name":"23","producer":"54","rating":1,"reviews":[]},{"id":"645b995d918b604b7c0845e5","name":"23","producer":"54","rating":1,"reviews":[]},{"id":"645b995d918b604b7c0845e7","name":"23","producer":"54","rating":1,"reviews":[]},{"id":"645b995d918b604b7c0845e9","name":"23","producer":"54","rating":1,"reviews":[]},{"id":"645b995d918b604b7c0845eb","name":"23","producer":"54","rating":1,"reviews":[]},{"id":"645b995d918b604b7c0845ed","name":"23","producer":"54","rating":1,"reviews":[]},{"id":"645b995d918b604b7c0845ef","name":"23","producer":"54","rating":1,"reviews":[]},{"id":"645b995d918b604b7c0845f1","name":"23","producer":"54","rating":1,"reviews":[]},{"id":"645b995d918b604b7c0845f3","name":"23","producer":"54","rating":1,"reviews":[]},{"id":"645b995d918b604b7c0845f5","name":"23","producer":"54","rating":1,"reviews":[]},{"id":"645b995d918b604b7c0845f7","name":"23","producer":"54","rating":1,"reviews":[]},{"id":"645b995d918b604b7c0845f9","name":"23","producer":"54","rating":1,"reviews":[]},{"id":"645b995d918b604b7c0845fb","name":"23","producer":"54","rating":1,"reviews":[]},{"id":"645b995d918b604b7c0845fd","name":"23","producer":"54","rating":1,"reviews":[]},{"id":"645b995d918b604b7c0845ff","name":"23","producer":"54","rating":1,"reviews":[]},{"id":"645b995d918b604b7c084601","name":"23","producer":"54","rating":1,"reviews":[]},{"id":"645b995d918b604b7c084603","name":"23","producer":"54","rating":1,"reviews":[]},{"id":"645b995d918b604b7c084605","name":"23","producer":"54","rating":1,"reviews":[]},{"id":"645b995d918b604b7c084607","name":"23","producer":"54","rating":1,"reviews":[]},{"id":"645b995d918b604b7c084609","name":"23","producer":"54","rating":1,"reviews":[]},{"id":"645b995d918b604b7c08460b","name":"23","producer":"54","rating":1,"reviews":[]},{"id":"645b995d918b604b7c08460d","name":"23","producer":"54","rating":1,"reviews":[]},{"id":"645b995e918b604b7c08460f","name":"23","producer":"54","rating":1,"reviews":[]},{"id":"645b995e918b604b7c084611","name":"23","producer":"54","rating":1,"reviews":[]},{"id":"645b995e918b604b7c084613","name":"23","producer":"54","rating":1,"reviews":[]},{"id":"645b995e918b604b7c084615","name":"23","producer":"54","rating":1,"reviews":[]},{"id":"645b995e918b604b7c084617","name":"23","producer":"54","rating":1,"reviews":[]},{"id":"645b995e918b604b7c084619","name":"23","producer":"54","rating":1,"reviews":[]},{"id":"645b995e918b604b7c08461b","name":"23","producer":"54","rating":1,"reviews":[]},{"id":"645b995e918b604b7c08461d","name":"23","producer":"54","rating":1,"reviews":[]},{"id":"645b995e918b604b7c08461f","name":"23","producer":"54","rating":1,"reviews":[]},{"id":"645b995e918b604b7c084621","name":"23","producer":"54","rating":1,"reviews":[]},{"id":"645b995e918b604b7c084623","name":"23","producer":"54","rating":1,"reviews":[]},{"id":"645b995e918b604b7c084625","name":"23","producer":"54","rating":1,"reviews":[]},{"id":"645b995e918b604b7c084627","name":"23","producer":"54","rating":1,"reviews":[]},{"id":"645b995e918b604b7c084629","name":"23","producer":"54","rating":1,"reviews":[]},{"id":"645b995e918b604b7c08462b","name":"23","producer":"54","rating":1,"reviews":[]},{"id":"645b995e918b604b7c08462d","name":"23","producer":"54","rating":1,"reviews":[]},{"id":"645b995e918b604b7c08462f","name":"23","producer":"54","rating":1,"reviews":[]},{"id":"645b995e918b604b7c084631","name":"23","producer":"54","rating":1,"reviews":[]},{"id":"645b995e918b604b7c084635","name":"23","producer":"54","rating":1,"reviews":[]},{"id":"645b995e918b604b7c084633","name":"23","producer":"54","rating":1,"reviews":[]},{"id":"645b995e918b604b7c084637","name":"23","producer":"54","rating":1,"reviews":[]},{"id":"645b995e918b604b7c084639","name":"23","producer":"54","rating":1,"reviews":[]},{"id":"645b995e918b604b7c08463b","name":"23","producer":"54","rating":1,"reviews":[]},{"id":"645b995e918b604b7c08463f","name":"23","producer":"54","rating":1,"reviews":[]},{"id":"645b995e918b604b7c08463d","name":"23","producer":"54","rating":1,"reviews":[]},{"id":"645b995e918b604b7c084641","name":"23","producer":"54","rating":1,"reviews":[]},{"id":"645b995e918b604b7c084643","name":"23","producer":"54","rating":1,"reviews":[]},{"id":"645b995e918b604b7c084647","name":"23","producer":"54","rating":1,"reviews":[]},{"id":"645b995e918b604b7c084645","name":"23","producer":"54","rating":1,"reviews":[]},{"id":"645b995e918b604b7c084649","name":"23","producer":"54","rating":1,"reviews":[]},{"id":"645b995e918b604b7c08464b","name":"23","producer":"54","rating":1,"reviews":[]},{"id":"645b995e918b604b7c08464d","name":"23","producer":"54","rating":1,"reviews":[]},{"id":"645b995e918b604b7c08464f","name":"23","producer":"54","rating":1,"reviews":[]},{"id":"645b995e918b604b7c084651","name":"23","producer":"54","rating":1,"reviews":[]},{"id":"645b995e918b604b7c084653","name":"23","producer":"54","rating":1,"reviews":[]},{"id":"645b995e918b604b7c084655","name":"23","producer":"54","rating":1,"reviews":[]},{"id":"645b995e918b604b7c084657","name":"23","producer":"54","rating":1,"reviews":[]},{"id":"645b995e918b604b7c084659","name":"23","producer":"54","rating":1,"reviews":[]},{"id":"645b995e918b604b7c08465b","name":"23","producer":"54","rating":1,"reviews":[]},{"id":"645b995e918b604b7c08465d","name":"23","producer":"54","rating":1,"reviews":[]},{"id":"645b995e918b604b7c08465f","name":"23","producer":"54","rating":1,"reviews":[]},{"id":"645b995e918b604b7c084661","name":"23","producer":"54","rating":1,"reviews":[]},{"id":"645b995e918b604b7c084663","name":"23","producer":"54","rating":1,"reviews":[]},{"id":"645b995e918b604b7c084665","name":"23","producer":"54","rating":1,"reviews":[]},{"id":"645b995e918b604b7c084667","name":"23","producer":"54","rating":1,"reviews":[]},{"id":"645b995e918b604b7c084669","name":"23","producer":"54","rating":1,"reviews":[]},{"id":"645b995e918b604b7c08466b","name":"23","producer":"54","rating":1,"reviews":[]},{"id":"645b995e918b604b7c08466d","name":"23","producer":"54","rating":1,"reviews":[]},{"id":"645b995e918b604b7c08466f","name":"23","producer":"54","rating":1,"reviews":[]},{"id":"645b995e918b604b7c084671","name":"23","producer":"54","rating":1,"reviews":[]},{"id":"645b995f918b604b7c084673","name":"23","producer":"54","rating":1,"reviews":[]},{"id":"645b995f918b604b7c084675","name":"23","producer":"54","rating":1,"reviews":[]},{"id":"645b995f918b604b7c084677","name":"23","producer":"54","rating":1,"reviews":[]},{"id":"645b995f918b604b7c084679","name":"23","producer":"54","rating":1,"reviews":[]},{"id":"645b995f918b604b7c08467b","name":"23","producer":"54","rating":1,"reviews":[]},{"id":"645b995f918b604b7c08467d","name":"23","producer":"54","rating":1,"reviews":[]},{"id":"645b995f918b604b7c08467f","name":"23","producer":"54","rating":1,"reviews":[]},{"id":"645b995f918b604b7c084681","name":"23","producer":"54","rating":1,"reviews":[]},{"id":"645b995f918b604b7c084683","name":"23","producer":"54","rating":1,"reviews":[]},{"id":"645b995f918b604b7c084685","name":"23","producer":"54","rating":1,"reviews":[]},{"id":"645b995f918b604b7c084687","name":"23","producer":"54","rating":1,"reviews":[]},{"id":"645b995f918b604b7c084689","name":"23","producer":"54","rating":1,"reviews":[]},{"id":"645b995f918b604b7c08468b","name":"23","producer":"54","rating":1,"reviews":[]},{"id":"645b995f918b604b7c08468d","name":"23","producer":"54","rating":1,"reviews":[]},{"id":"645b995f918b604b7c08468f","name":"23","producer":"54","rating":1,"reviews":[]},{"id":"645b995f918b604b7c084691","name":"23","producer":"54","rating":1,"reviews":[]},{"id":"645b995f918b604b7c084693","name":"23","producer":"54","rating":1,"reviews":[]},{"id":"645b995f918b604b7c084695","name":"23","producer":"54","rating":1,"reviews":[]},{"id":"645b995f918b604b7c084697","name":"23","producer":"54","rating":1,"reviews":[]},{"id":"645b995f918b604b7c084699","name":"23","producer":"54","rating":1,"reviews":[]},{"id":"645b995f918b604b7c08469b","name":"23","producer":"54","rating":1,"reviews":[]},{"id":"645b995f918b604b7c08469d","name":"23","producer":"54","rating":1,"reviews":[]},{"id":"645b995f918b604b7c08469f","name":"23","producer":"54","rating":1,"reviews":[]},{"id":"645b995f918b604b7c0846a1","name":"23","producer":"54","rating":1,"reviews":[]},{"id":"645b995f918b604b7c0846a3","name":"23","producer":"54","rating":1,"reviews":[]},{"id":"645b995f918b604b7c0846a5","name":"23","producer":"54","rating":1,"reviews":[]},{"id":"645b995f918b604b7c0846a7","name":"23","producer":"54","rating":1,"reviews":[]},{"id":"645b995f918b604b7c0846a9","name":"23","producer":"54","rating":1,"reviews":[]},{"id":"645b995f918b604b7c0846ab","name":"23","producer":"54","rating":1,"reviews":[]},{"id":"645b995f918b604b7c0846ad","name":"23","producer":"54","rating":1,"reviews":[]},{"id":"645b995f918b604b7c0846af","name":"23","producer":"54","rating":1,"reviews":[]},{"id":"645b995f918b604b7c0846b1","name":"23","producer":"54","rating":1,"reviews":[]},{"id":"645b995f918b604b7c0846b3","name":"23","producer":"54","rating":1,"reviews":[]},{"id":"645b995f918b604b7c0846b5","name":"23","producer":"54","rating":1,"reviews":[]},{"id":"645b995f918b604b7c0846b7","name":"23","producer":"54","rating":1,"reviews":[]},{"id":"645b995f918b604b7c0846b9","name":"23","producer":"54","rating":1,"reviews":[]},{"id":"645b995f918b604b7c0846bb","name":"23","producer":"54","rating":1,"reviews":[]},{"id":"645b995f918b604b7c0846bd","name":"23","producer":"54","rating":1,"reviews":[]},{"id":"645b995f918b604b7c0846bf","name":"23","producer":"54","rating":1,"reviews":[]},{"id":"645b995f918b604b7c0846c1","name":"23","producer":"54","rating":1,"reviews":[]},{"id":"645b995f918b604b7c0846c3","name":"23","producer":"54","rating":1,"reviews":[]},{"id":"645b995f918b604b7c0846c5","name":"23","producer":"54","rating":1,"reviews":[]},{"id":"645b995f918b604b7c0846c7","name":"23","producer":"54","rating":1,"reviews":[]},{"id":"645b995f918b604b7c0846c9","name":"23","producer":"54","rating":1,"reviews":[]},{"id":"645b995f918b604b7c0846cb","name":"23","producer":"54","rating":1,"reviews":[]},{"id":"645b995f918b604b7c0846cd","name":"23","producer":"54","rating":1,"reviews":[]},{"id":"645b995f918b604b7c0846cf","name":"23","producer":"54","rating":1,"reviews":[]},{"id":"645b995f918b604b7c0846d1","name":"23","producer":"54","rating":1,"reviews":[]},{"id":"645b995f918b604b7c0846d3","name":"23","producer":"54","rating":1,"reviews":[]},{"id":"645b995f918b604b7c0846d5","name":"23","producer":"54","rating":1,"reviews":[]},{"id":"645b9960918b604b7c0846d7","name":"23","producer":"54","rating":1,"reviews":[]},{"id":"645b9960918b604b7c0846d9","name":"23","producer":"54","rating":1,"reviews":[]},{"id":"645b9960918b604b7c0846db","name":"23","producer":"54","rating":1,"reviews":[]},{"id":"645b9960918b604b7c0846dd","name":"23","producer":"54","rating":1,"reviews":[]},{"id":"645b9960918b604b7c0846df","name":"23","producer":"54","rating":1,"reviews":[]},{"id":"645b9960918b604b7c0846e1","name":"23","producer":"54","rating":1,"reviews":[]},{"id":"645b9960918b604b7c0846e3","name":"23","producer":"54","rating":1,"reviews":[]},{"id":"645b9960918b604b7c0846e5","name":"23","producer":"54","rating":1,"reviews":[]},{"id":"645b9960918b604b7c0846e7","name":"23","producer":"54","rating":1,"reviews":[]},{"id":"645b9960918b604b7c0846e9","name":"23","producer":"54","rating":1,"reviews":[]},{"id":"645b9960918b604b7c0846eb","name":"23","producer":"54","rating":1,"reviews":[]},{"id":"645b9960918b604b7c0846ed","name":"23","producer":"54","rating":1,"reviews":[]},{"id":"645b9960918b604b7c0846ef","name":"23","producer":"54","rating":1,"reviews":[]},{"id":"645b9960918b604b7c0846f1","name":"23","producer":"54","rating":1,"reviews":[]},{"id":"645b9960918b604b7c0846f3","name":"23","producer":"54","rating":1,"reviews":[]},{"id":"645b9960918b604b7c0846f5","name":"23","producer":"54","rating":1,"reviews":[]},{"id":"645b9960918b604b7c0846f7","name":"23","producer":"54","rating":1,"reviews":[]},{"id":"645b9960918b604b7c0846f9","name":"23","producer":"54","rating":1,"reviews":[]},{"id":"645b9960918b604b7c0846fb","name":"23","producer":"54","rating":1,"reviews":[]},{"id":"645b9960918b604b7c0846fd","name":"23","producer":"54","rating":1,"reviews":[]},{"id":"645b9960918b604b7c0846ff","name":"23","producer":"54","rating":1,"reviews":[]},{"id":"645b9960918b604b7c084701","name":"23","producer":"54","rating":1,"reviews":[]},{"id":"645b9960918b604b7c084703","name":"23","producer":"54","rating":1,"reviews":[]},{"id":"645b9960918b604b7c084705","name":"23","producer":"54","rating":1,"reviews":[]},{"id":"645b9960918b604b7c084707","name":"23","producer":"54","rating":1,"reviews":[]},{"id":"645b9960918b604b7c084709","name":"23","producer":"54","rating":1,"reviews":[]},{"id":"645b9960918b604b7c08470b","name":"23","producer":"54","rating":1,"reviews":[]},{"id":"645b9960918b604b7c08470d","name":"23","producer":"54","rating":1,"reviews":[]},{"id":"645b9960918b604b7c08470f","name":"23","producer":"54","rating":1,"reviews":[]},{"id":"645b9960918b604b7c084711","name":"23","producer":"54","rating":1,"reviews":[]},{"id":"645b9960918b604b7c084713","name":"23","producer":"54","rating":1,"reviews":[]},{"id":"645b9960918b604b7c084715","name":"23","producer":"54","rating":1,"reviews":[]},{"id":"645b9960918b604b7c084717","name":"23","producer":"54","rating":1,"reviews":[]},{"id":"645b9960918b604b7c084719","name":"23","producer":"54","rating":1,"reviews":[]},{"id":"645b9960918b604b7c08471b","name":"23","producer":"54","rating":1,"reviews":[]},{"id":"645b9960918b604b7c08471d","name":"23","producer":"54","rating":1,"reviews":[]},{"id":"645b9960918b604b7c08471f","name":"23","producer":"54","rating":1,"reviews":[]},{"id":"645b9960918b604b7c084721","name":"23","producer":"54","rating":1,"reviews":[]},{"id":"645b9960918b604b7c084723","name":"23","producer":"54","rating":1,"reviews":[]},{"id":"645b9960918b604b7c084725","name":"23","producer":"54","rating":1,"reviews":[]},{"id":"645b9960918b604b7c084727","name":"23","producer":"54","rating":1,"reviews":[]},{"id":"645b9960918b604b7c084729","name":"23","producer":"54","rating":1,"reviews":[]},{"id":"645b9960918b604b7c08472b","name":"23","producer":"54","rating":1,"reviews":[]},{"id":"645b9960918b604b7c08472d","name":"23","producer":"54","rating":1,"reviews":[]},{"id":"645b9960918b604b7c08472f","name":"23","producer":"54","rating":1,"reviews":[]},{"id":"645b9960918b604b7c084731","name":"23","producer":"54","rating":1,"reviews":[]},{"id":"645b9960918b604b7c084733","name":"23","producer":"54","rating":1,"reviews":[]},{"id":"645b9960918b604b7c084735","name":"23","producer":"54","rating":1,"reviews":[]},{"id":"645b9960918b604b7c084737","name":"23","producer":"54","rating":1,"reviews":[]},{"id":"645b9960918b604b7c084739","name":"23","producer":"54","rating":1,"reviews":[]},{"id":"645b9961918b604b7c08473b","name":"23","producer":"54","rating":1,"reviews":[]},{"id":"645b9961918b604b7c08473d","name":"23","producer":"54","rating":1,"reviews":[]},{"id":"645b9961918b604b7c08473f","name":"23","producer":"54","rating":1,"reviews":[]},{"id":"645b9961918b604b7c084741","name":"23","producer":"54","rating":1,"reviews":[]},{"id":"645b9961918b604b7c084743","name":"23","producer":"54","rating":1,"reviews":[]},{"id":"645b9961918b604b7c084745","name":"23","producer":"54","rating":1,"reviews":[]},{"id":"645b9961918b604b7c084747","name":"23","producer":"54","rating":1,"reviews":[]},{"id":"645b9961918b604b7c084749","name":"23","producer":"54","rating":1,"reviews":[]},{"id":"645b9961918b604b7c08474b","name":"23","producer":"54","rating":1,"reviews":[]},{"id":"645b9961918b604b7c08474d","name":"23","producer":"54","rating":1,"reviews":[]},{"id":"645b9961918b604b7c08474f","name":"23","producer":"54","rating":1,"reviews":[]},{"id":"645b9961918b604b7c084751","name":"23","producer":"54","rating":1,"reviews":[]},{"id":"645b9961918b604b7c084753","name":"23","producer":"54","rating":1,"reviews":[]},{"id":"645b9961918b604b7c084755","name":"23","producer":"54","rating":1,"reviews":[]},{"id":"645b9961918b604b7c084757","name":"23","producer":"54","rating":1,"reviews":[]},{"id":"645b9961918b604b7c084759","name":"23","producer":"54","rating":1,"reviews":[]},{"id":"645b9961918b604b7c08475b","name":"23","producer":"54","rating":1,"reviews":[]},{"id":"645b9961918b604b7c08475d","name":"23","producer":"54","rating":1,"reviews":[]},{"id":"645b9961918b604b7c08475f","name":"23","producer":"54","rating":1,"reviews":[]}]}